ManufacturerNo;Name;TecDoc.Link;TecDoc.Version;ArticleBrand:Link;ManufacturerShortName;IsActive <DE>
SPI;SPIDAN;1;20210401;501;SPIDAN;1
HLL;HELLA;2;20210401;502;HELLA;1
ATE;ATE;3;20210401;503;ATE;1
MUH;MANN-FILTER;4;20210401;504;MANN;1
PI;PIERBURG;5;20210401;505;PIERBURG;1
LUK;LuK;6;20210401;506;LuK;1
EB;EBERSPÄCHER;7;20210401;507;EBERSPÄCHER;1
REI;VICTOR REINZ;9;20210401;509;REINZ;1
ELR;ELRING;10;20210401;510;ELRING;1
BEU;BorgWarner (BERU);11;20210401;511;BERU;1
PAG;PAGID;12;20210401;512;NULL;1
WAK;WALKER;13;20210401;513;WALKER;1
BOG;BOGE;14;20210401;514;NULL;NULL
NGK;NGK;15;20210401;515;NGK;1
BIL;BILSTEIN;16;20210401;516;BILSTEIN;1
KON;KONI;18;20210401;518;NULL;1
SWF;SWF;19;20210401;519;SWF;1
LUC;LUCAS ELECTRICAL;20;20190603;520;NULL;0
VAL;VALEO;21;20210401;521;VALEO;1
EVR;RUVILLE;23;20210401;523;NULL;0
EXE;EXIDE;24;20210401;1846;EXIDE;0
VAR;VARTA;26;20210401;526;VARTA;1
SIF;SIDAT;27;20210401;2727;NULL;NULL
CVP;BV PSH;28;20210401;2271;NULL;NULL
EAT;ERNST;29;20210401;529;NULL;1
BOH;BOSCH;30;20210401;530;BOSCH;1
CON;CONTINENTAL CTAM;31;20210401;531;CONTITECH;1
SAC;SACHS;32;20210401;532;SACHS;1
GAT;GATES;33;20210401;533;GATES;1
KNE;KNECHT;34;20210401;534;NULL;0
LEF;LEMFÖRDER;35;20210401;535;LEMFÖRDER;1
VAN;VAN WEZEL;36;20210401;536;VAN WEZEL;1
MON;MONROE;37;20210401;537;MONROE;1
PUR;PURFLUX;38;20210401;538;NULL;1
TEX;TEXTAR;39;20210401;539;NULL;1
BOL;BOSAL;41;20210401;541;BOSAL;0
DAY;DAYCO;42;20210401;542;NULL;1
CHA;CHAMPION;43;20210401;543;CHAMPION;1
SPA;SPAHN GLÜHLAMPEN;45;20210401;2257;SPAHN;0
BMI;BREMI;47;20210401;547;BREMI;1
JUR;JURID;48;20210401;548;NULL;NULL
BDX;BENDIX;49;20210401;549;NULL;NULL
SKF;SKF;50;20210401;550;SKF;1
WEA;WESTFALIA;51;20210401;1842;NULL;1
BH;BEHR;52;20210401;712;NULL;1
FTE;FTE;54;20210401;878;NULL;0
JAK;HERTH+BUSS JAKOPARTS;55;20210401;613;HB JAKOPARTS;1
LOB;LÖBRO;56;20210401;811;NULL;0
QUI;QUINTON HAZELL;57;20210401;622;QUINTON HAZELL;0
FRM;FRAM;59;20210401;604;NULL;0
GOE;GOETZE;60;20210401;1845;NULL;NULL
TYC;TYC;61;20210401;2266;TYC;0
FED;FERODO;62;20210401;876;NULL;NULL
PES;PE Automotive;63;20210401;2260;NULL;1
ARN;OPTIBELT;64;20210401;620;NULL;NULL
BRO;BREMBO;65;20210401;875;BREMBO;1
DEN;DENSO;66;20210401;733;DENSO;1
OSR;OSRAM;67;20210401;646;OSRAM;1
ZFA;ZF;68;20210401;2267;NULL;1
GLX;GABRIEL;71;20210401;779;NULL;1
HB;HERTH+BUSS ELPARTS;72;20210401;635;HB ELPARTS;1
MIN;MINTEX;73;20210401;617;NULL;NULL
PHI;PHILIPS;75;20210401;648;PHILIPS;1
KKM;KLOKKERHOLM;78;20210401;1160;NULL;0
WAH;BorgWarner (Wahler);79;20210401;741;NULL;0
DAS;AKS DASIS;80;20210401;1340;AKS DASIS;1
HFR;HENGST FILTER;81;20210401;612;HENGST;1
VDO;Continental/VDO;83;20210401;728;VDO;1
KYB;KYB;85;20210401;1410;KYB;1
ZIM;ZIMMERMANN;86;20210401;877;ZIMMERMANN;1
FRX;FRIESEN;87;20210401;681;NULL;0
GLA;GLASER;88;20210401;1409;NULL;0
DEH;DELPHI;89;20210401;1400;NULL;1
FA;FARCOM;90;20210401;1406;NULL;NULL
TCR;TECNOCAR;91;20210401;606;NULL;NULL
SGP;SogefiPro;92;20210401;602;NULL;NULL
HS;SCHLIECKMANN;93;NULL;1407;SCHLIECKMANN;0
MEZ;METZGER;94;20210401;1408;METZGER;1
MAR;MAGNETI MARELLI;95;20210401;603;MAGNETI MARELLI;0
ALK;AL-KO;96;20210401;1404;NULL;0
WAE;WAECO;97;20210401;1411;WAECO;1
ROU;ROULUNDS RUBBER;100;20191001;1412;NULL;NULL
FEB;FEBI BILSTEIN;101;20210401;797;FEBI;1
ZF;ZF LENKSYSTEME;104;20171001;1840;NULL;1
BHS;BEHR HELLA SERVICE;105;20200101;1860;NULL;NULL
BRK;BRINK;106;20210401;2499;BRINK;1
TRN;TRISCAN;108;20210401;1242;NULL;1
BGG;BUGATTI;109;20210401;1700;NULL;NULL
SNR;SNR;110;20210401;1740;NULL;1
EIB;EIBACH;112;20210401;1760;EIBACH;1
PAY;PAYEN;113;20210401;1761;NULL;0
BDW;BUDWEG CALIPER;114;20210401;1762;BUDWEG;1
ULO;ULO;115;20210401;655;NULL;0
LRT;LRT;117;20210401;1800;LRT;1
HJS;HJS;118;20210401;1901;HJS;1
MLI;METELLI;121;20210401;1941;NULL;0
OBE;OBERLAND;122;20210401;1962;OBERLAND;0
NIS;NISSENS;123;20210401;1961;NISSENS;1
STL;STABILUS;126;20210401;1240;NULL;0
NK;NK;127;20210401;2044;NK;0
BUE;BE TURBO;128;20210401;2097;NULL;NULL
OPT;OPTIMAL;129;20210401;2081;OPTIMAL;1
MAP;MAPCO;133;20210401;2099;MAPCO;0
MOG;MOOG;134;20210401;2100;NULL;1
SID;SIDEM;135;20210401;2101;NULL;0
FON;FONOS;136;20210401;1425;NULL;NULL
UFI;UFI;137;20210401;608;NULL;0
JO;JOHNS;138;20210401;2110;JOHNS;0
AJU;AJUSA;139;20210401;2141;AJUSA;1
COC;CORTECO;140;20210401;2118;NULL;1
AE;AE;141;20210401;2119;NULL;0
SF;SOFIMA;142;20210401;2122;NULL;NULL
BEG;BERGA;143;20210401;2135;NULL;NULL
MYE;MEYLE;144;20210401;2136;MEYLE;1
NWB;NWB;145;20210401;2137;NULL;NULL
AMF;AMC Filter;146;20210401;2138;NULL;NULL
SWA;SWAG;151;20210401;1241;NULL;0
ROA;ROADHOUSE;152;20210401;2168;NULL;NULL
RE;REMSA;153;20210401;2167;NULL;0
DOZ;DOLZ;154;20210401;789;NULL;0
URW;URW;155;20210401;2192;NULL;NULL
JPP;JAPANPARTS;156;20210401;2194;NULL;1
BGD;BUGIAD;157;20210401;2195;NULL;1
ICE;ICER;158;20210401;2196;NULL;NULL
FAT;FACET;159;20210401;736;FACET;0
TRW;TRW;161;20210401;798;TRW;1
VAI;VAICO;162;20210401;2199;NULL;1
CLF;CLEAN FILTERS;163;20210401;2111;CLEAN FILTERS;1
TWI;TWINTEC;165;20190101;2240;TWINTEC;1
ASI;AISIN;166;20210401;1865;NULL;NULL
DUL;DUPLI COLOR;167;20210401;2263;DUPLI;1
MOP;MOTIP;168;20210401;2264;MOTIP;1
PST;PRESTO;169;20210401;2265;PRESTO;1
MTC;MOTORCRAFT;171;NULL;619;NULL;NULL
RMD;RAMEDER;173;20210401;2268;NULL;NULL
LSJ;LESJÖFORS;175;20210401;2279;LESJÖFORS;1
KIL;KILEN;176;20210401;2280;NULL;0
BTS;BTS Turbo;177;20210401;2281;BTS Turbo;1
HP1;HEPU;178;20210401;2377;NULL;0
VEY;VEYANCE;179;20191001;614;NULL;NULL
ALO;ALCO FILTER;180;20210401;2273;NULL;NULL
GK;GK;181;20210401;2378;NULL;0
SLT;SCHLÜTTER TURBOLADER;182;20210401;2277;NULL;1
VMO;VEMO;183;20210401;2278;NULL;1
KAO;KAMOKA;185;20210401;3499;NULL;0
DEK;DENCKERMANN;186;20210401;3503;NULL;NULL
SOR;SOMORA;187;20210401;3504;NULL;NULL
WOF;WOLF;188;20210401;3505;NULL;NULL
CHP;CHAMPION LUBRICANTS;189;20210401;3506;NULL;NULL
NA;NATIONAL;190;20210401;2393;NULL;NULL
IMF;IMASAF;191;20210401;1426;NULL;0
FAG;FAG;192;20210401;1875;FAG;1
MTS;MTS;193;20210401;2410;NULL;NULL
BBT;BBT;194;20210401;2411;NULL;NULL
BDA;BREDA LORETT;195;20210401;1886;NULL;NULL
ALM;ALLMAKES;196;20210401;2445;NULL;NULL
LPR;LPR;197;20210401;2446;NULL;0
OCA;OCAP;198;20210401;2447;NULL;NULL
TST;TRUSTING;199;20210401;2448;NULL;NULL
KAV;KAVO PARTS;201;20210401;2450;NULL;NULL
GLY;GLYCO;202;20210401;2451;NULL;1
INA;INA;204;20210401;1881;INA;1
NRF;NRF;205;20210401;2088;NULL;0
ABS;A.B.S.;206;20210401;2408;NULL;0
DCA;CASTROL;207;20210401;2454;CASTROL;1
BIR;BIRTH;208;20210401;2455;NULL;NULL
TRT;TRUCKTEC AUTOMOTIVE;209;20210401;2456;NULL;0
REA;REMKAFLEX;210;20160401;2457;NULL;NULL
BOU;EFI AUTOMOTIVE;211;20210401;2462;NULL;NULL
TUD;TUDOR;212;20210401;2464;NULL;NULL
DEL;REMY;214;20210401;2487;REMY;1
CBV;CALORSTAT by Vernet;215;20210401;2489;NULL;0
NUE;NÜRAL;216;20210401;2490;NULL;NULL
MCF;MECAFILTER;218;20210401;2492;NULL;NULL
TIM;TIMKEN;219;20210401;2498;NULL;NULL
AIX;AIRTEX;220;20210401;2147;AIRTEX;1
ACD;ACDelco;221;20210401;2500;NULL;NULL
LIQ;LIQUI MOLY;222;20210401;2501;LIQUI MOLY;1
ERB;ERA Benelux;224;20210401;2503;NULL;1
SCT;SCT - MANNOL;225;20210401;2504;NULL;0
ELS;ELSTOCK;226;20210401;2505;NULL;NULL
TCO;TRICO;227;20210401;2506;NULL;NULL
3FG;3F QUALITY;228;20210401;2507;3F;NULL
HAX;HALDEX;232;20210401;2511;NULL;NULL
DIN;DINEX;233;20210401;2512;NULL;0
ER;ERA;234;20210401;2513;NULL;1
FRC;FRECCIA;235;20210401;2514;NULL;NULL
FLN;FLENNOR;236;20210401;2515;FLENNOR;0
ELW;ELWIS ROYAL;237;20210401;2516;NULL;0
IPS;IPSA;238;20210401;2517;IPSA;0
HUT;HUTCHINSON;239;20210401;615;NULL;0
FAO;FAE;240;20210401;2555;NULL;0
FUL;FULMEN;241;20210401;2556;NULL;NULL
NEC;NECTO;242;20210401;2558;NULL;NULL
ICA;CAR;243;20210401;2563;NULL;NULL
MEA;MEAT & DORIA;244;20210401;2564;MEAT & DORIA;1
SAL;Saleri SIL;245;20210401;2568;NULL;0
EYQ;EYQUEM;246;20210401;707;NULL;NULL
AVC;AVA QUALITY COOLING;247;20210401;2468;AVA;0
NIP;NIPPARTS;248;20210401;2585;NULL;NULL
MG;MGA;249;20210401;2586;NULL;NULL
ZFS;ZF Parts;252;20190603;863;NULL;NULL
DID;DIEDERICHS;253;20210401;2628;DIEDERICHS;1
AFA;AFA;254;20210401;2630;NULL;NULL
ECS;ECS;255;20210401;2631;NULL;NULL
FIT;FILTRON;256;20210401;2274;NULL;0
ASH;ASHIKA;257;20210401;2528;NULL;0
SAS;SASIC;260;20210401;2641;NULL;0
IPD;IPD;262;20210401;2643;NULL;NULL
MGI;SEIM;263;20210401;2677;NULL;NULL
BRL;BERAL;264;20210401;2620;NULL;NULL
ABE;ABEX;265;20210401;2596;NULL;NULL
DON;DURON;266;20210401;2676;NULL;NULL
FAI;FAI AutoParts;267;20210401;2678;NULL;0
JP;JP GROUP;268;20210401;2679;NULL;1
STA;INTERMOTOR;269;20210401;2688;NULL;NULL
FOX;FENOX;271;20210401;2600;NULL;NULL
KAG;KAGER;272;20170601;2690;NULL;NULL
REF;RECORD FRANCE;273;20210401;2692;NULL;NULL
ASL;AS;274;20210401;2693;AS;0
AMC;AMC;277;20210401;2695;NULL;NULL
DO;DON;278;20210401;2594;NULL;NULL
GIR;GIRLING;279;20210401;2702;NULL;NULL
BRF;BRECK;281;20210401;2703;NULL;NULL
BAP;AP;283;20210401;2705;NULL;NULL
KAW;KAWE;286;20210401;2719;NULL;NULL
MAH;MAHLE;287;20210401;2721;MAHLE;1
BR0;BRECO;289;20210401;1600;NULL;NULL
PIA;PILENGA;291;20210401;2728;NULL;NULL
LIZ;LIZARTE;292;20210401;2730;NULL;1
LEO;LENCO;293;20210401;2737;NULL;NULL
ZFE;SACHS PERFORMANCE;294;20210401;2738;NULL;1
FRI;fri.tech.;295;20210401;2741;NULL;NULL
DEU;JDEUS;296;20210401;2742;NULL;NULL
SBS;sbs;297;20210401;2743;NULL;NULL
ASS;ASSO;298;20210401;2744;ASSO;0
WEB;WEBASTO;299;20210401;696;NULL;NULL
AUX;AUTEX;300;20210401;2745;NULL;0
TON;TOPRAN;301;20210401;2746;TOPRAN;0
WKP;WALKER PRODUCTS;303;20210401;2748;NULL;NULL
KN;K&N Filters;305;20210401;2818;K&N;1
ETF;E.T.F.;309;20210401;2821;NULL;NULL
GRW;GRAF;310;20210401;792;NULL;0
CIF;CIFAM;311;20210401;2822;NULL;0
KWP;KWP;312;20210401;794;NULL;NULL
FRR;FRIGAIR;313;20210401;2089;NULL;0
PJ;PJ;314;20210401;2835;NULL;NULL
MIH;MICHELIN;315;20210401;2436;NULL;1
GEN;GENERAL RICAMBI;316;20210401;2839;NULL;0
MAL;AKRON-MALÒ;317;20210401;2840;NULL;0
CDX;CDX;318;20210401;2842;NULL;NULL
CAL;CALIX;319;20210401;2843;NULL;NULL
MTE;MTE-THOMSON;320;20210401;2844;NULL;NULL
AUM;AUTOMEGA;323;20210401;2886;NULL;0
WIX;WIX FILTERS;324;20210401;2133;WIX;0
CEF;CEF;325;20210401;2461;NULL;NULL
SHW;BorgWarner (Schwitze;326;20210401;2092;NULL;NULL
BOR;BorgWarner;327;20210401;2754;NULL;NULL
3K;BorgWarner (3K);328;20210401;2937;3K;NULL
ROI;TECHNOX;330;20210401;2935;NULL;NULL
ORG;ORIGINAL IMPERIUM;331;20210401;2936;NULL;NULL
DA;DA SILVA;332;20210401;2945;NULL;NULL
TEP;ST-TEMPLIN;336;20210401;2892;NULL;NULL
EUE;EUROTEC;337;20210401;3034;EUROTEC;0
PRA;PRASCO;340;20210401;3041;NULL;0
HFF;HOFFER;341;20210401;3042;HOFFER;1
MSS;MESSMER;342;20210401;3043;NULL;NULL
MOA;MOTAIR TURBO;345;20210401;3045;MOTAIR;1
TS;TS;346;20160401;3050;NULL;NULL
TRE;TRW Engine Component;347;20210401;3055;NULL;0
BLT;BLUE PRINT;350;20210401;3063;BLUE PRINT;1
AUF;AUTOFREN SEINSA;351;20210401;3064;NULL;NULL
BFE;BF;352;20210401;3065;NULL;NULL
SIZ;SIARR;354;20190101;3066;NULL;NULL
DTT;DT Spare Parts;355;20210401;3078;NULL;NULL
TSL;TESLA;356;20210401;3079;NULL;NULL
VEN;VENEPORTE;357;20210401;3080;NULL;NULL
MSP;MASTER-SPORT GERMANY;358;20210401;3081;NULL;NULL
MGF;MAGNAFLOW;359;20190101;3082;NULL;NULL
TC;TEAMEC;360;20200101;3083;NULL;NULL
VAT;VATOIL;361;20210401;3085;NULL;NULL
AKA;ALKAR;362;20210401;2121;ALKAR;1
CAS;CARPRISS;363;20210401;3120;NULL;1
UNI;UNIFLUX FILTERS;364;20210401;3121;NULL;NULL
WOK;WOKING;366;20210401;2879;NULL;NULL
FA1;FA1;367;20210401;2764;NULL;0
GGT;GGT;368;20210401;3147;NULL;NULL
DEP;DEPA;371;20210401;3164;NULL;NULL
CAM;CAMPRO;372;20181002;3165;NULL;0
GSP;GSP;373;20210401;3166;GSP;0
ACI;ACI-AVESA;374;20210401;3167;NULL;NULL
SOK;SONNAK;375;20210401;3168;NULL;NULL
CEA;CENTRA;376;20210401;3169;NULL;NULL
BOS;BOSCH DIAGNOSTICS;377;20210401;3170;NULL;NULL
OPP;OPEN PARTS;378;20210401;3172;NULL;NULL
AQA;AQUAPLUS;379;20171101;3173;NULL;0
FEK;FRENKIT;380;20210401;3174;NULL;0
BIG;Brake ENGINEERING;381;20210401;2592;NULL;NULL
TUH;TURBO'S HOET;382;20210401;3175;NULL;NULL
ANG;ANGLI;383;20210401;3181;NULL;NULL
GOT;GOETZE ENGINE;385;20210401;3188;NULL;1
KLC;KLAXCAR FRANCE;387;20210401;3197;NULL;NULL
MRA;MOTORAD;388;20210401;3204;NULL;NULL
BAS;GLYSANTIN;389;20210401;3205;GLYSANTIN;1
SUP;SUPLEX;390;20210401;3206;NULL;NULL
EAI;EAI;391;20210401;2108;NULL;NULL
KOY;KOYO;392;20210401;1882;NULL;NULL
CEV;CEVAM;393;20210401;3207;NULL;NULL
BAM;BARUM;394;20210401;2414;NULL;1
PSO;PRESTOLITE ELECTRIC;396;20210401;768;NULL;NULL
JAM;JANMOR;397;20210401;3211;NULL;0
EUO;EUROL;398;20210401;3212;NULL;NULL
EXY;EXEDY;399;20210401;3214;NULL;0
RIM;RAICAM;400;20210401;2883;NULL;NULL
RO1;ROC;401;20210401;3215;NULL;1
MXG;MAXGEAR;403;20210401;3219;NULL;NULL
FSL;FRAS-LE;404;20210401;3220;NULL;NULL
CX;CAUTEX;405;20210401;3221;NULL;NULL
BMC;BM CATALYSTS;406;20210401;3222;BM CATALYSTS;0
FLI;FIRST LINE;407;20210401;3223;NULL;NULL
SA;SNRA;408;20210401;3224;NULL;NULL
FRE;FREMAX;409;20210401;2602;NULL;NULL
ECE;EUROCABLE;411;20210401;3227;NULL;NULL
AAU;ATL Autotechnik;412;20210401;3228;NULL;NULL
FEN;FENNO;415;20210401;1424;NULL;1
PEF;PERFECT CIRCLE;419;20170901;3240;NULL;NULL
CML;COMLINE;421;20210401;3242;NULL;NULL
AHE;AHE;422;20210401;3243;NULL;NULL
LUA;LUCAS DIESEL;423;20180601;3250;NULL;NULL
LUE;LUCAS ENGINE DRIVE;424;20180601;3251;NULL;NULL
HCP;HC-PARTS;425;20180302;3252;NULL;NULL
MNO;MONOFLEX;426;20190101;3253;NULL;NULL
ASM;ASMET;427;20210401;1420;NULL;0
WAD;WAT;429;20210401;3255;NULL;NULL
RTA;RTS;430;20210401;3218;NULL;0
SRC;SERCORE;431;20210401;3256;NULL;NULL
KS;KOLBENSCHMIDT;432;20210401;2364;NULL;1
SAM;STATIM;433;20210401;3261;NULL;NULL
DET;DETA;434;20210401;3262;NULL;NULL
EQ;EQUAL QUALITY;435;20210401;3263;NULL;NULL
MTL;MOTUL;436;20210401;3264;NULL;1
COO;CoopersFiaam;437;20210401;3265;NULL;0
SOP;STOP;438;20191001;3266;NULL;NULL
NPS;NPS;440;20210401;3271;NULL;1
FIP;FISPA;441;20210401;3272;NULL;NULL
ASU;ASHUKI by Palidium;442;20210401;3275;NULL;NULL
ENR;ENERGIZER;443;20210401;3278;NULL;NULL
TEH;KLARIUS;445;20210401;3279;NULL;0
PIL;PILKINGTON;447;20210401;3281;NULL;1
UNC;UNICO FILTER;448;20171101;2356;NULL;NULL
HIA-AU;HITACHI;449;20210401;737;NULL;1
CAV;BRECAV;452;20210401;3292;NULL;NULL
BAO;BANDO;454;20210401;2522;NULL;NULL
SIG;SIGAM;455;20210401;2623;NULL;NULL
VIL;VILLAR;456;20210401;2880;NULL;NULL
EDR;EDR;457;20210401;2193;NULL;NULL
II;IPS Parts;459;20200101;3299;NULL;NULL
DRI;DRI;460;20210401;3301;NULL;0
RVL;RAVENOL;461;20210401;3329;RAVENOL;1
MFL;MFILTER;462;20210401;3330;NULL;NULL
OSV;OSVAT;464;20210401;2734;NULL;1
CSG;CS Germany;467;20210401;3344;CSG;0
DOE;DÖNMEZ;468;20210401;3357;NULL;NULL
KAL;KALE OTO RADYATÖR;469;20210401;3358;NULL;NULL
MAV;MAPA;470;20210401;3359;NULL;NULL
DIT;DITAS;471;20210401;3360;NULL;NULL
AMI;SAMI;472;20160401;3362;NULL;NULL
CBO;CABOR;473;20210401;3363;NULL;NULL
MBL;MONT BLANC;474;20160401;3367;NULL;NULL
B+B;BORG & BECK;475;20210401;1847;NULL;0
AUI;AUTO AIR GLOUCESTER;476;20210401;3368;NULL;NULL
BGA;BGA;478;20210401;3409;NULL;NULL
AAN;ALANKO;479;20210401;3410;NULL;NULL
JAC;JAPKO;481;20210401;3412;NULL;NULL
WN;WEEN;482;20210401;3595;NULL;NULL
CL;ClimAir;483;20210401;3414;ClimAir;1
CSC;CASCO;484;20210401;3415;NULL;NULL
NAR;NARVA;485;20210401;3428;NULL;0
FRP;FRAP;486;20210401;3366;NULL;NULL
APP;AP Automotive Prod.;487;20200601;3429;NULL;NULL
EEC;EEC;488;20210401;3439;NULL;NULL
MUL;MULLER FILTER;490;20210401;3446;NULL;NULL
RCA;RCA FRANCE;492;20210401;3448;NULL;NULL
BIS;BRISK;494;20210401;3451;NULL;NULL
COJ;COJALI;495;20210401;3452;NULL;NULL
CXT;CX;497;20170601;3455;NULL;0
ZAF;ZAFFO;499;20210401;2406;NULL;NULL
GAF;GALFER;500;20210401;3364;NULL;NULL
COV;CovindSpA;502;20210401;1000502;NULL;NULL
PWE;powerROCK;503;20210401;1000503;NULL;NULL
ZM;ZM;517;20210401;1000517;NULL;NULL
AIA;Airmatic;519;20210401;1000519;NULL;NULL
MTX;MOTOREXOIL;520;20210401;1000520;NULL;NULL
WSS;Weissenfels;671;20210401;1000671;NULL;NULL
POA;PolarPartsGmbH;672;20210401;1000672;NULL;NULL
MSL;MISTRAL;741;20200401;1000741;NULL;NULL
DRS;Dresselhaus;743;20210401;1000743;DRESSELHAUS;1
ISA;ISAMSpA;745;20210401;1000745;NULL;NULL
OLS;OLSAPARTSSrl;747;20210401;1000747;NULL;NULL
FTZ;Frielitz;765;20210401;1000765;NULL;NULL
AVR;APVCarparts;792;20210401;1000792;NULL;NULL
ADD;AutomotiveAdriado;799;20210401;1000799;NULL;NULL
RMA;REMANTE;814;20210401;1000814;NULL;NULL
ORL;ORLEN;821;20210401;1000821;NULL;NULL
WSR;WALSER;830;20210401;1000830;NULL;NULL
GUG;GuG;833;20201001;1000833;NULL;NULL
PTR;PetronasLubrican;846;20210401;1000846;NULL;NULL
DTE;DTESystemsGmbH;847;20210401;1000847;NULL;NULL
MRI;Motrio;854;20190603;1000854;NULL;NULL
WAB;WABCO;915;20210401;1000915;NULL;NULL
HEQ;HEQualityParts;956;20210401;1000956;NULL;NULL
IAC;IntAct;966;20210401;1000966;NULL;NULL
GUA;GUARDIAN;1075;20210401;1001075;NULL;NULL
SEB;REMUS;1089;20210401;1001089;NULL;NULL
RNS;RENSI;1090;20210401;1001090;NULL;NULL
RTE;iMTPMS;1132;20210401;1001132;NULL;0
SCK;SCHOENEK;1155;20210401;1001155;NULL;1
BRB;BÄREN;1236;20210401;1001236;NULL;NULL
FMM;FIAMM;1250;20210401;1001250;NULL;NULL
BBA;BBA;1277;20210401;1001277;NULL;NULL
JAE;ERICH JAEGER;1291;20210401;1001291;E. JAEGER;1
TRI;TRIFA;1304;20210401;1001304;NULL;NULL
ALH;MIDAC;1352;20210401;1001352;NULL;0
AIC;AIC;1368;20210401;1001368;NULL;0
MI1;MITSUBOSHI;1369;20190101;1001369;NULL;NULL
MPM;MPM;1402;NULL;3151;NULL;NULL
PIK;PIKA;1471;20210401;1001471;NULL;NULL
ROW;ROWE;1489;20210401;1001489;NULL;0
SMN;STARMANN;1491;20180302;1001491;NULL;NULL
MLO;MOLLBATTERIEN;1517;20210401;1001517;NULL;NULL
SKN;SKANIMPORT;1785;20210401;1001785;NULL;NULL
PIO;PIONEER;2053;20190101;1002053;NULL;NULL
K24;Eigenmarke;2081;NULL;NULL;kfzteile24;0
BEK;f.becker_line;2083;NULL;NULL;NULL;NULL
MAD;MADDVSE;2117;20210401;1002117;NULL;NULL
HA;HAMA;2171;20181002;1002171;NULL;NULL
SNC;SenCom;2188;20210401;1002188;NULL;NULL
KAD;KaDeKLIMA;2189;20200601;1002189;NULL;NULL
ATA;ATERAPOOL;2214;20210401;1002214;NULL;1
SWG;SWGAutomotive;2218;20210401;1002218;NULL;NULL
TOC;TQ;2235;20210401;1002235;NULL;NULL
PFE;HPAUTO;2267;20210401;1002267;HPAUTO;0
WEC;STsuspensions;2351;20210401;1002351;NULL;NULL
BAN;BannerPool;2352;20210401;1002352;BannerPool;0
MXB;MaxtracBV;2365;20210401;1002365;NULL;NULL
MWD;MWD;2414;20210401;1002414;NULL;NULL
SVC;STec;2429;20210401;1002429;NULL;0
VEZ;VEGAZ;2441;20210401;1002441;VEGAZ;0
NAP;NAP;2456;20210401;1002456;NULL;NULL
WNT;WaldAntriebe;2524;20210401;1002524;NULL;NULL
SVT;Servotec;2534;20210401;1002534;NULL;1
TTL;TOTAL;2558;20210401;1002558;NULL;NULL
PNT;Panther;2559;20210401;1002559;NULL;NULL
AOC;AIRCOTEC;2562;20191001;1002562;NULL;NULL
APC;APC;2566;20210401;1002566;NULL;1
DUC;DURACELL;2624;20210401;1002624;NULL;NULL
1GL;1globalpower;2674;20171101;1002674;1globalpower;NULL
HNO;EUROLUB;2676;20210401;1002676;NULL;NULL
CRP;CarRepairparts;2677;20190603;1002677;NULL;NULL
WIC;WiCHMANN;2688;20210401;1002688;NULL;NULL
HOC;HOTEC;2691;20210401;1002691;NULL;NULL
SUF;Stumpf;2692;20191001;1002692;NULL;NULL
QHP;QH powered by JP;2693;NULL;NULL;NULL;NULL
OES;SchferbartholdGmbH;2728;20210401;1002728;Schäferbarthold;1
ITN;ITN;2730;20180601;1002730;NULL;NULL
GBA;GEBAAutoteileGmbH;2760;20181002;1002760;NULL;NULL
LBR;Lube1;2824;20210401;1002824;NULL;NULL
MIE;MiesslerAutomotive;2888;20210401;1002888;NULL;1
VAV;ValvolineDVSE;3381;20200101;1003381;NULL;NULL
CRK;CRK;3454;20210401;1003454;NULL;NULL
MNK;Monark;3549;20210401;1003549;NULL;NULL
SAU;Stahlbus;3550;20210401;1003550;NULL;NULL
DCF;AFAM;3553;20200101;1003553;NULL;NULL
PEW;PEWAGTCD;3560;20210401;1003560;NULL;NULL
FL;FAL;3585;20210401;1003585;NULL;NULL
SCC;SCCFahrzeugtechnik;3589;20210401;1003589;NULL;NULL
EBE;Eberspaecher;3590;20210401;1003590;Eberspächer;1
AOH;AutoTechteile;3720;20210401;1003720;NULL;NULL
APX;APEX;3721;20210401;1003721;NULL;NULL
NVK;Novak;3722;20210401;1003722;NULL;NULL
DNO;Dino;3733;20181002;1003733;NULL;NULL
RAD;raidhp;3736;20181002;1003736;raidhp;1
PSC;PartsTec;3739;20200401;1003739;NULL;NULL
HMB;HANSAMOBIL;3762;20210401;1003762;NULL;NULL
ANO;ArnottEurope;3785;20190101;1003785;NULL;1
CKS;CIAKStarter;3789;20210401;1003789;NULL;NULL
GD;GDW;3791;20210401;1003791;NULL;NULL
RUT;rutecGmbH;3805;20210401;1003805;NULL;NULL
SRF;STARTCRAFT;3820;20210401;1003820;NULL;NULL
RUD;RUD;3829;20210401;1003829;NULL;1
EVE;EURODRIVELINE;3874;20210401;1003874;NULL;NULL
VRG;Vargalant;3878;20200101;1003878;NULL;NULL
DAP;DAPA;3880;20200101;1003880;NULL;0
TOP;TopTurbo;3882;20210401;1003882;NULL;NULL
GAU;GAUSS;3894;20210401;1003894;NULL;NULL
ROD;Rodcraft;3896;20210401;1003896;NULL;NULL
SWS;SWSTAHL;3897;20210401;1003897;SWSTAHL;1
HNK;HANKOOK;3936;20180302;1003936;NULL;NULL
MXL;MaxSrl;3937;20210401;1003937;NULL;NULL
K+K;KKHandelsgesellsch;3946;20210401;1003946;NULL;NULL
SSN;SUPSAN;3948;20210401;1003948;NULL;NULL
SSA;SASS;3949;20210401;1003949;NULL;NULL
RND;RODLeichtmetall;3950;20190603;1003950;NULL;NULL
LND;LandportBV;3952;20210401;1003952;NULL;NULL
PMA;PMA;4001;20210401;1004001;NULL;1
SIK;SIKA;4002;20210401;1004002;NULL;NULL
ELI;ETS;4003;20210401;4545;NULL;NULL
EPS;EPS;4005;20210401;2404;NULL;0
KW;KW;4006;20210401;2405;NULL;0
555;555;4010;20210401;2523;555;NULL
TNF;TECNECO FILTERS;4011;20210401;4569;NULL;NULL
MOD;Montcada;4021;20210401;4576;NULL;NULL
TUC;TRUCKFRENOS;4022;20210401;4578;NULL;NULL
KST;KS TOOLS;4023;20210401;4430;NULL;1
AKE;AKEBONO;4024;20210401;1609;NULL;NULL
VIG;VIGOR;4026;20210401;4427;NULL;NULL
DCR;DICRA;4030;NULL;4581;NULL;NULL
JUN;JUNIOR;4032;20210401;4587;NULL;NULL
EDM;EDELMANN;4033;20210401;4588;NULL;NULL
ACJ;ACKOJAP;4081;20210401;1004081;NULL;NULL
AEU;AEROSUS;4098;20210401;1004098;NULL;NULL
NGL;NORDGLASS;4114;20210401;1004114;NULL;NULL
DYS;DYS;4135;20210401;2949;NULL;NULL
KK;KK95KFT;4197;20210401;1004197;NULL;NULL
BNR;BINDER;4202;20210401;1004202;NULL;NULL
CPR;CMParts;4210;20210401;1004210;NULL;NULL
GNA;GUARNITAUTO;4257;20210401;4761;NULL;NULL
SMP;SAMPIYON FILTER;4263;20210401;4756;NULL;NULL
APV;APPROVED GREEN;4272;20210401;3258;NULL;NULL
WEP;WE PARTS;4275;20210401;4758;NULL;NULL
AVS;AVS AUTOPARTS;4280;20210401;4769;NULL;NULL
RPO;RAPRO;4303;20210401;2987;NULL;NULL
RYE;Automotive RYME;4306;20210401;4662;NULL;NULL
GEM;GEMO;4312;20200101;3352;NULL;0
GWI;GALWIN;4313;NULL;4665;NULL;NULL
SHL;SHELL;4314;20210401;3354;NULL;NULL
LAT;LASER TOOLS;4317;20210401;4428;NULL;NULL
DYT;DYNAMATRIX;4318;20210401;3369;NULL;NULL
JTE;JTEKT;4319;20210401;4677;NULL;NULL
WTT;WITTER;4320;20210401;4678;NULL;NULL
AT2;ATEC;4325;NULL;4684;NULL;NULL
PLT;POLIPLAST;4327;20210401;4685;NULL;1
FAU;Faurecia;4328;20210401;4688;NULL;1
REP;REPKIT;4330;20210401;3814;NULL;NULL
SGE;SIEGEL AUTOMOTIVE;4331;20210401;3382;NULL;NULL
PTN;Prestone;4333;20210401;4690;NULL;NULL
CSV;CSV electronic parts;4334;20210401;4691;NULL;NULL
IVS;INTERVALVES;4336;20210401;3387;NULL;NULL
AOM;AUTOMOTOR France;4337;20210401;3388;NULL;NULL
PAM;PLATINUM;4338;20210401;4709;NULL;NULL
QUT;QUATTRO FRENI;4339;20210101;3390;NULL;NULL
TEY;TENACITY;4340;20210401;3391;NULL;NULL
TCA;TCMATIC;4342;20210401;4711;NULL;NULL
ETA;ELTA AUTOMOTIVE;4344;20210401;3395;NULL;NULL
DDA;DODA;4345;20210401;3396;NULL;NULL
VI;VIKA;4346;20210401;4715;NULL;NULL
SPD;SpeedMate;4348;20210401;3399;NULL;NULL
ITS;ITSA;4349;20210401;3400;NULL;NULL
SC2;Scriba;4350;20210101;4716;NULL;NULL
AAL;AMALIE;4351;NULL;3402;NULL;NULL
DPA;DPA;4353;20210401;4718;NULL;NULL
ZTT;zetti;4355;NULL;4719;NULL;NULL
DII;DIVINOL;4357;20200101;3416;NULL;NULL
CLT;CLUTCHNUS;4358;20210401;4765;NULL;NULL
EAA;EAA;4359;20210401;4720;NULL;NULL
DVT;DriveTec;4360;20210401;3419;NULL;NULL
EZ;EZ;4361;20210401;3420;NULL;NULL
TBR;TURBO-MOT;4362;20210401;3421;NULL;NULL
SCB;STOP&GO;4367;20210401;3426;NULL;NULL
QIS;QUICK STEER;4368;20210401;3427;NULL;NULL
PTC;PETEC;4372;20210401;3433;PETEC;1
BE1;BELACO;4373;20190603;4582;NULL;NULL
TOM;TOMEX Brakes;4377;20210401;4760;NULL;NULL
JSA;JS ASAKASHI;4378;20210401;4601;NULL;NULL
GBE;GEBE;4379;20210401;4602;NULL;0
OMF;Omnicraft;4380;20210401;4603;NULL;1
EMI;EMINOX;4384;20210401;3317;NULL;NULL
EU;EUROREPAR;4391;20210401;4533;NULL;NULL
OPZ;opzional;4394;20210401;4774;NULL;NULL
GOD;GOLD;4395;20210401;4775;NULL;NULL
DMA;DIAMAX;4396;20210401;4743;NULL;NULL
KR1;KRIOS;4399;20210401;4778;NULL;NULL
ADJ;AD JSAutomotive;4400;20210401;4744;NULL;NULL
YEN;YENMAK;4402;NULL;3475;NULL;1
RSU;Rosunparts;4410;20210101;4781;NULL;NULL
TOT;TEKNOROT;4414;20210401;3305;NULL;NULL
GCG;GCG Turbo Australia;4416;NULL;4782;NULL;NULL
VEM;VEMA;4425;20210401;3312;NULL;0
A;ABE;4426;20210401;3509;NULL;NULL
MAM;Magnum Technology;4427;20210401;3510;NULL;NULL
KMG;KM Germany;4428;20200101;3511;NULL;1
CTT;CONTINENTAL;4434;20210401;2415;NULL;1
DUN;DUNLOP;4436;NULL;2424;DUNLOP;1
MBI;MOBIL;4449;20210401;3521;NULL;NULL
YBS;YUASA;4451;20210401;2117;NULL;0
GS;GS;4452;20210401;3525;NULL;NULL
BSG;BSG;4455;20210401;3550;NULL;NULL
SON;SONAX;4457;20210401;3237;SONAX;1
KG;KING;4460;20210401;3557;NULL;NULL
KSN;KAISHIN;4461;20210401;3558;NULL;NULL
KIR;KM International;4462;20210401;3559;NULL;NULL
CLB;CALIBER;4463;20210401;3560;CALIBER;1
ATM;AUTOTEAM;4464;20210401;3561;NULL;NULL
THR;THERMOTEC;4466;20210401;3564;NULL;NULL
FOT;FORTUNE LINE;4467;20210101;3565;NULL;NULL
YAM;YAMATO;4468;20210401;3566;NULL;NULL
MIS;MISFAT;4470;20210401;3568;NULL;0
TRV;TrakMotive;4472;20210401;4504;NULL;NULL
CRX;CARBOX;4481;20210101;3579;NULL;NULL
AUH;AUGER;4495;20210401;3593;NULL;NULL
LAB;LAUBER;4496;20210401;3594;NULL;NULL
WA;WAGNER;4498;20210401;3597;NULL;NULL
LU;LUCAS;4501;20210401;3600;NULL;1
AIN;AINDE;4504;20210401;3602;NULL;NULL
PHR;PHIRA;4505;20210401;3603;NULL;0
XXL;XXLMARMITTEITALIANE;4511;20190402;3609;NULL;NULL
ERT;ERT;4512;20210401;3163;NULL;NULL
ETE;ET ENGINETEAM;4514;20210401;3612;NULL;NULL
DJP;DJ PARTS;4519;20210401;3617;NULL;NULL
PRH;PROTECHNIC;4520;20210401;3619;NULL;NULL
KSH;KSH EUROPE;4522;20210401;3622;NULL;NULL
HI;HIDRIA;4523;20210401;3623;NULL;NULL
AFR;AIR FREN;4527;20210401;2723;NULL;NULL
KNR;AD KÜHNER;4528;20210401;3628;NULL;NULL
ARK;ACEMARK;4533;20190101;3633;NULL;NULL
AMK;RE-EX;4534;20210401;3634;NULL;NULL
MUA;MUBEA;4535;20210401;3635;NULL;NULL
AEC;APEC braking;4537;20210401;2593;NULL;NULL
ART;Arnott;4539;20210401;4785;NULL;NULL
POM;PowerMax;4543;20210401;3655;NULL;0
KFT;KRAFT AUTOMOTIVE;4546;20210401;3663;NULL;0
SKR;SAKURA;4547;20210401;3664;NULL;0
LPC;LIPE CLUTCH;4548;20210401;3665;NULL;NULL
3EF;3Effe Group;4551;20210401;3668;3Effe;NULL
CTR;CTR;4553;20210401;2477;NULL;NULL
BLC;BLIC;4555;20210401;3671;NULL;NULL
PAO;PATRON;4558;20210401;3673;NULL;NULL
MRM;MECARM;4559;20210401;3674;NULL;0
WTL;WESTLAKE;4561;20210401;3676;NULL;NULL
MTQ;MOTAQUIP;4564;20210401;3268;NULL;NULL
EAN;EATON;4567;20210401;3685;NULL;NULL
RNC;RANCHO;4569;20190101;3691;NULL;NULL
MNM;Maysan Mando;4570;20210401;3690;NULL;NULL
LEY;LECOY;4572;20210401;3693;NULL;NULL
RSR;ROSTAR;4573;20210101;3695;NULL;NULL
AAM;ASAM;4576;20210401;3699;NULL;NULL
BGS;BRT Bearings;4578;20200601;3702;NULL;NULL
FLD;FLEETGUARD;4581;20210401;610;NULL;NULL
SPJ;SPJ;4582;20210401;3707;NULL;NULL
CR;CARRAB BRAKE PARTS;4583;20190101;3708;NULL;NULL
ABR;DOGA;4585;20210401;3712;NULL;NULL
DAR;DANAHER;4587;20210401;4787;NULL;NULL
SND;SANDO;4592;20210401;3721;NULL;NULL
TDG;TEDGUM;4593;20210401;3722;NULL;0
CRA;CRAFT BEARINGS;4594;20210401;3723;NULL;NULL
SLX;STELLOX;4595;20210401;3724;NULL;NULL
SFA;SAFA;4596;20210401;3725;NULL;NULL
3RG;3RG;4598;20210401;3727;3RG;NULL
LYN;LYNXauto;4600;20210401;3730;NULL;NULL
ELL;ELECTRIC LIFE;4603;20210401;3733;NULL;0
CSA;CASALS;4604;20210401;3734;NULL;NULL
NAG;NAGARES;4606;20190101;3736;NULL;NULL
SFT;SHAFTEC;4607;20210401;3737;NULL;NULL
RTO;ROTA;4609;20210401;3743;NULL;NULL
GE1;TUNGSRAM;4612;20210401;3746;NULL;NULL
SLK;SEM LASTIK;4614;20210401;3748;NULL;NULL
GAR;GARRETT;4615;20210401;2091;NULL;NULL
UNP;UNIPOINT;4620;20210401;3755;NULL;1
SAP;SAMPA;4623;20210401;3758;NULL;NULL
AR;ARTEC;4624;20171101;3759;NULL;NULL
HLP;HELLA PAGID;4625;20210401;2619;NULL;1
WGL;WAI;4627;20210401;3767;NULL;NULL
ATI;ATI;4628;20210401;3768;NULL;NULL
SKU;SAKURA Automotive;4630;20210401;3774;NULL;NULL
ASV;ASVA;4631;20210401;3775;NULL;NULL
SPC;SPICER;4635;20210401;3778;NULL;NULL
AUK;AUTOKIT;4651;20210401;3800;NULL;NULL
PBA;PEMEBLA;4652;20210401;3801;NULL;NULL
ODM;ODM-MULTIPARTS;4653;20210401;3802;NULL;NULL
ACR;ACR;4654;20210401;3803;NULL;NULL
PRF;PROCODIS FRANCE;4655;20210401;3807;NULL;NULL
AO;AUTOCLIMA;4656;20210401;3808;NULL;NULL
ABK;ABAKUS;4657;20210401;3810;NULL;0
MPR;MABYPARTS;4658;20210401;3811;NULL;NULL
FLT;FIL FILTER;4659;20210401;3183;NULL;NULL
AWM;AWM;4661;20171101;3836;NULL;NULL
HUF;BH SENS Huf;4662;20210401;3840;NULL;NULL
GDW;GOODWILL;4663;20210401;3843;NULL;1
MEH;Metalcaucho;4664;20210401;3844;NULL;NULL
TSC;STC;4667;20210401;3853;NULL;1
CRL;CARLUBE Tetrosyl;4668;20210401;3856;NULL;NULL
BKR;BERGKRAFT;4670;20190603;3859;NULL;NULL
NEO;NEOLUX®;4671;20210401;3860;NULL;NULL
FBT;FEBEST;4674;20210401;3863;NULL;1
SRN;STARLINE;4675;20210401;3865;NULL;NULL
RTI;ROTINGER;4676;20210401;3866;NULL;NULL
MLV;METAL LEVE;4677;20201001;3867;NULL;NULL
CBR;COBREQ;4678;20210401;2595;NULL;NULL
CFR;CAFFARO;4679;20210401;3868;NULL;0
SPL;SPILU;4680;20210401;3869;NULL;NULL
NIB;NiBK;4682;20210401;3870;NULL;NULL
OSS;OSSCA;4683;20210401;3871;NULL;NULL
AXI;AXIOS;4684;NULL;3873;NULL;NULL
PFT;PROFIT;4686;20210401;3875;NULL;NULL
AG;AUTOGAMMA;4688;20210401;3877;NULL;NULL
JCP;JC PREMIUM;4689;20210401;3878;NULL;NULL
PSL;PASCAL;4690;20210401;3879;NULL;NULL
KNC;KANACO;4691;20210101;3880;NULL;NULL
YAZ;YAZUKA;4692;20210101;3881;NULL;NULL
TBA;BTA;4693;20210401;3882;NULL;NULL
NEX;NEXUS;4694;20210401;3883;NULL;NULL
CRG;CARGOPARTS;4695;20210401;3884;NULL;NULL
PAL;PACOL;4696;20210401;3885;NULL;NULL
PNM;PNEUMATICS;4697;20210401;3886;NULL;NULL
TSR;S-TR;4698;20210401;3887;NULL;NULL
SBP;SBP;4699;20210401;3888;NULL;NULL
TGH;TRUCKLIGHT;4701;20210401;3890;NULL;NULL
BSF;BOSS FILTERS;4702;20210101;3891;NULL;NULL
PSM;PARTS-MALL;4703;20200101;3892;NULL;NULL
MBT;MOBILETRON;4705;20210401;3894;NULL;NULL
LUZ;LUZAR;4707;20210401;3898;NULL;NULL
RIW;RIW;4708;20190402;3899;NULL;NULL
LAS;LASO;4712;20210401;3213;LASO;1
NE;NE;4717;20210401;3934;NULL;NULL
KRF;KRAFTTECH;4718;20210401;3935;NULL;NULL
LIT;LIFT-TEK;4719;20210401;3936;NULL;1
PMM;PMM;4720;20210401;3937;NULL;NULL
MRG;MIRAGLIO;4721;20210401;3938;NULL;NULL
EAU;ELECTRO AUTO;4725;20210401;3973;NULL;NULL
HKT;HKT;4726;20210401;3990;NULL;NULL
FMP;FORMPART;4727;20210401;3992;NULL;NULL
NSK;NSK;4728;20210401;3994;NULL;NULL
UNG;UNIGOM;4730;20210401;3996;NULL;NULL
LMT;LTM;4731;20210401;3998;NULL;NULL
TVA;TREVI AUTOMOTIVE;4732;20210401;4000;NULL;NULL
RY;RYCO;4733;20210401;4001;NULL;NULL
CTE;HELLA GUTMANN;4734;20210401;4003;NULL;NULL
AOG;AUTLOG;4737;20210401;4007;NULL;NULL
VEG;VEGE;4739;20210401;4009;NULL;NULL
FNW;FINWHALE;4741;20210401;3413;NULL;NULL
ANV;BUCHLI;4742;20210401;4012;NULL;NULL
AOT;IMEX;4743;20210401;4013;NULL;NULL
LUO;LUKOIL;4748;20210401;4021;NULL;NULL
MON-AU;MONROE-AU;4752;20210401;4025;NULL;NULL
RNC-AU;RANCHO-AU;4753;NULL;4026;NULL;NULL
WAK-AU;WALKER-AU;4754;NULL;4027;NULL;NULL
HLA;HOLA;4756;20210401;4030;NULL;NULL
TLS;TALOSA;4758;20210401;3303;NULL;NULL
DEN-AU;DENSO-AU;4760;20210401;4034;NULL;NULL
BKE;BREMTEC;4761;20171101;4035;NULL;NULL
QWP;GT Exhausts;4763;20210401;4039;NULL;NULL
MXT;MAXTRAC;4764;20210401;4040;NULL;NULL
EXY-AU;EXEDY-AU;4767;20210401;4043;NULL;NULL
SVE;SIVENTO;4768;20210401;4088;NULL;NULL
EBK;EUROBRAKE;4770;20210401;4110;NULL;0
SAV;StartVOLT;4771;20210401;4111;NULL;NULL
TRL;TRIALLI;4772;20210401;4112;NULL;NULL
MDR;MDR;4773;20210401;4113;NULL;NULL
BTZ;BLITZ;4794;20171101;4134;NULL;NULL
RTR;ROTARY;4795;20171101;4135;NULL;NULL
CHF;CHIEF;4796;20171101;4136;NULL;NULL
ELT;ELEKTRON;4797;20171101;4137;NULL;NULL
BNE;BROVEX-NELSON;4805;20210401;4145;NULL;NULL
HAZ;HAZET;4808;20210401;3574;HAZET;1
SEA;SERA;4811;20210401;4153;NULL;NULL
GAT-AU;GATES-AU;4812;20210401;4154;NULL;NULL
DRR;DÜRER;4813;20210401;4155;NULL;NULL
AFT;1A FIRST AUTOMOTIVE;4814;20210401;4156;NULL;NULL
BSU;Borsehung;4815;20210401;4157;NULL;NULL
MW;Distribution Roues;4817;20210401;4159;NULL;NULL
FSR;Fersa Bearings;4818;20210401;4166;NULL;NULL
HCC;HC-Cargo;4819;20210401;4170;NULL;NULL
GMK;G+M KAT;4820;20210401;4171;NULL;NULL
QUO;QUARO;4821;20210401;4172;NULL;NULL
JMP;JMP;4824;20210101;4175;NULL;NULL
BDX-AU;BENDIX-AU;4825;20210401;4188;NULL;NULL
RYM;RYMEC;4828;20210401;4194;NULL;NULL
AML;ASMETAL;4829;20210401;4195;NULL;NULL
TBM;TMI;4830;20210401;4196;TURBO MOTOR;0
NAK;NAKATA;4831;20210401;2120;NULL;NULL
WIK;WILMINK GROUP;4832;20210401;4197;NULL;NULL
ARE;FARE SA;4834;20210401;4201;NULL;NULL
ATE-BR;ATE-BR;4835;NULL;4202;NULL;NULL
VDO-BR;VDO-BR;4836;NULL;4203;NULL;NULL
PIM;PIM;4837;20210401;1604;NULL;NULL
FB;FI.BA;4838;20210401;4205;NULL;NULL
IPR;IPARLUX;4841;20210401;4208;NULL;NULL
AET;AUTOELECTRO;4842;20210401;4209;NULL;NULL
APL;AS-PL;4843;20210401;4210;NULL;NULL
GUD;G.U.D.;4844;20210401;4212;NULL;NULL
AYD;AYD;4845;20210401;4213;NULL;NULL
PZL;PZL SEDZISZOW;4848;20210401;4218;NULL;NULL
ARL;Ac Rolcar;4849;20210401;2950;NULL;NULL
AMO;ASIMCO;4854;20210401;4224;NULL;NULL
IJS;IJS GROUP;4862;20210401;4234;NULL;0
ORD;ORDONEZ;4864;20210401;2475;NULL;NULL
HST;HASTINGS PISTON RING;4865;20210401;4236;NULL;NULL
ARA;ARAL;4866;20210401;4237;NULL;NULL
FTH;Forcetech;4867;20180601;4246;NULL;NULL
DF;DONALDSON;4868;20210401;4247;NULL;NULL
COF;COFLE;4871;20210401;2598;NULL;0
BMS;BREMSI;4872;20210401;4251;NULL;NULL
PLM;POLMO;4873;20210401;4253;POLMO;0
BFS;BSF;4878;20210401;3642;NULL;NULL
KYP;KEY PARTS;4879;20210401;4270;NULL;0
CT1;CTE;4880;20210401;4271;NULL;NULL
DYM;DYNAMAX;4881;20210401;4272;NULL;NULL
DIP;DIPASPORT;4882;20210401;4275;NULL;NULL
TBI;turbo by Intec;4885;20210401;4285;NULL;NULL
AE1;AES;4886;20210401;4301;NULL;NULL
FFR;FOMAR Friction;4887;20210401;4302;NULL;NULL
ZKK;ZEKKERT;4894;20210401;4317;NULL;NULL
YBS-AU;YUASA-AU;4895;NULL;4318;NULL;NULL
TQU;TORQUE;4896;20190101;4335;NULL;NULL
SPM;SPECTRA PREMIUM;4898;20190101;4337;NULL;NULL
MXE;MAXTECH;4899;20210401;4338;NULL;NULL
KRL;KROON OIL;4907;20210401;4345;NULL;NULL
ALG;ALLIGATOR;4911;20210401;4350;NULL;1
GED;GEDORE;4912;20210401;4351;NULL;NULL
NRM;NORMA;4923;20210401;4362;NULL;0
ABA;ABA;4924;20210101;4363;NULL;NULL
KYB-AU;KYB-AU;4927;NULL;4366;NULL;NULL
GOS;GOSS;4928;NULL;4380;NULL;NULL
JRA;JURATEK;4935;20210401;3596;NULL;NULL
FTI;FIT;4937;20210401;4395;NULL;NULL
FT;FAST;4938;20210401;4396;NULL;NULL
FE2;FERRON;4940;20210401;4019;NULL;NULL
MA1;EuroFlo;4941;20200601;4405;NULL;NULL
DRT;DSS;4942;20210401;4408;NULL;NULL
AWP;AYWIPARTS;4943;20200101;4409;NULL;NULL
ORE;OREX;4944;20210401;4410;NULL;NULL
CLV;COOLDRIVE;4945;NULL;4411;COOLDRIVE;1
SRD;SCHRADER;4946;20210401;4415;NULL;1
DRV;Dr!ve+;4948;20210401;4417;NULL;NULL
TBL;TURBORAIL;4949;20210401;4419;NULL;NULL
ASI-AU;AISIN-AU;4951;20210401;4422;NULL;NULL
KNI;KNIPEX;4954;20190101;4437;NULL;NULL
ICB;R BRAKE;4955;20210401;4440;NULL;NULL
NGK-AU;NGK Australia;4956;NULL;4441;NULL;NULL
GRN;GREENCAR Automotive;4958;20210401;4443;NULL;NULL
HEF;VMF;4963;20210401;4456;NULL;NULL
LRA;LA.R.A.;4964;20210401;4457;NULL;NULL
JUM;JUMASA;4965;20210401;4458;NULL;NULL
ESN;ESEN SKV;4969;20210401;4463;NULL;1
TCL;TRICLO;4970;20210401;4464;NULL;NULL
AYU;ASYSUM;4972;20210401;4466;NULL;NULL
LUF;LUCAS FILTERS;4973;20210401;4467;NULL;NULL
AVT;AMD;4976;20190101;4471;NULL;NULL
FOD;FERODO RACING;4986;20210401;4483;NULL;NULL
MBO;4u;4987;20210401;4484;NULL;NULL
BCA;B CAR;4989;20210401;4486;NULL;NULL
NSH;NISSHINBO;4990;20210401;3896;NULL;NULL
BXS;BRAXIS;4993;20210401;4500;NULL;NULL
MI2;MITSUBOSHI;4994;20210401;2534;NULL;NULL
BBR;BBR Automotive;4995;20210401;4502;NULL;NULL
PKH;PARKER RACOR;4996;20210401;4505;NULL;NULL
AB;A.B.A;4997;20210401;4506;NULL;NULL
HBG;HSB GOLD;4998;20210401;4507;NULL;NULL
URO;ÜRO Parts;4999;20210401;4508;NULL;NULL
JAR;JAEGER;5004;20210401;1005004;NULL;NULL
QIC;QUICK;5006;20200401;1005006;NULL;0
SAI;SEKURIT;5010;20210401;1005010;SEKURIT;1
KAM;KAMEI;5058;20210401;1005058;KAMEI;1
MEK;MEKRA;5059;20210401;1005059;NULL;0
HUR;HR;5060;20210401;1005060;HR;1
AGC;AGC;5063;20210401;1005063;NULL;NULL
MMO;MEYER;5069;20210401;1005069;NULL;NULL
CAP;CPTEC4YOU;6000;20210401;1006000;NULL;NULL
CNC;CNC;6002;20210101;4793;NULL;NULL
VIS;VITAL SUSPENSIONS;6003;20210401;4795;NULL;NULL
PHO;PHOENIX;6004;20210401;4796;NULL;NULL
PMR;PRIME-RIDE;6005;20210401;4797;NULL;NULL
DBA;DBA Australia;6008;20210401;2518;NULL;NULL
BG;BGS;6009;20210401;4433;NULL;NULL
BLE;BLOCKSTEM;6010;20210401;4808;NULL;NULL
LGK;LGK;6012;20210401;4810;NULL;NULL
COG;CONTITECH AIR SPRING;6020;20210401;4818;NULL;NULL
TDE;TRADEX FRANCE;6022;20210401;4821;NULL;NULL
GLX-MX;Gabriel-MX;6097;20210401;4897;NULL;NULL
Ul;Ultra Chromium MX;6098;20190101;4898;NULL;NULL
TXP;TXPRO;6099;20190101;4899;NULL;NULL
FR;FR REDAELLI;6101;20210401;4901;NULL;NULL
ORI;ACPS-ORIS;6102;20210401;4902;NULL;NULL
MKK;MK Kashiyama;6103;20210401;4903;NULL;NULL
ADV;ADVICS;6104;20210401;4904;NULL;NULL
CUY;CUYMAR;6106;20210401;4906;NULL;NULL
TUR;TURBOS MIGNE;6107;20210401;4907;NULL;NULL
VLV;VALVOLINE;6186;NULL;4981;NULL;NULL
KAE;KALE;6207;20210401;2474;NULL;NULL
CPB;CPB;6263;20210401;5050;NULL;NULL
RUF;RUFRE;6264;20210401;5052;NULL;NULL
OXI;OXIMO;6267;20210401;5060;NULL;NULL
SEE;AUTO-SPEED PARTS;6271;20210401;5072;NULL;NULL
DCA-AU;CASTROL-AU;6272;NULL;5073;NULL;NULL
ZZV;ZZVF;6274;20210401;5075;NULL;NULL
HAM;HAMMER;6276;20210401;5080;NULL;NULL
INF;INTFRADIS;6277;20210401;5081;NULL;NULL
AMU;AMK;6278;20210401;5082;NULL;NULL
ORV;ORVIP;6298;20210401;5103;NULL;NULL
SKE;Seiken;6303;20210401;2520;NULL;NULL
GEB;GEBA;6305;NULL;5120;NULL;NULL
GKN;GKN;6306;20210401;5121;GKN;NULL
GMB;GMB;6375;NULL;2401;NULL;NULL
BBD;BERU by DRiV;6441;20210401;5429;BERU;1
BOW;BorgWarner (AWD);6444;20210401;5432;NULL;NULL
DKT;DAKAtec;6450;20210401;5447;NULL;0
DAC;DACO Germany;6479;20210401;5489;DACO;0
DYN;DYNA;8562;20190101;1008562;NULL;NULL
TED;TECDOC;9999;20210401;9999;NULL;NULL
4CR;4CR;24003;NULL;NULL;4CR;1
AFK;FRIEDRICHS;24073;NULL;NULL;NULL;1
ALC;ALCAR;24077;NULL;60000;ALCAR;1
ARC;AIRCONTROL;24091;NULL;NULL;NULL;1
ARM;ARMOR ALL;24092;NULL;NULL;ARMOR ALL;1
ARY;ARVEY;24093;NULL;NULL;NULL;1
AVP;AIV TRAILER PARTS;24098;NULL;NULL;NULL;1
BCR;BECKER - CHEMIE;24104;NULL;NULL;NULL;1
BDL;BENDEL;24105;NULL;NULL;NULL;1
BGO;BRIDGESTONE;24107;NULL;2422;BRIDGESTONE;1
BNN;BRENNTAG;24112;NULL;NULL;BRENNTAG;1
BSP;f.becker_Sportsline;24116;NULL;NULL;f.becker_line;1
COH;COHLINE;24127;NULL;NULL;COHLINE;1
COT;CONTINENTAL Reifen;24128;20181002;NULL;CONTINENTAL;1
CRB;CARAMBA;24129;NULL;NULL;CARAMBA;1
DCE;DECTANE;24134;NULL;NULL;DECTANE;1
DPO;DEPO;24141;NULL;4574;DEPO;1
DRM;3M;24142;NULL;NULL;NULL;1
EAL;EAL;24144;NULL;NULL;EAL;1
ENU;ENDURO;24149;NULL;NULL;ENDURO;1
EUH;Erich Utsch;24151;NULL;NULL;Erich Utsch;1
FAL;FALKEN;24156;NULL;NULL;FALKEN;1
FIC;FISCHER (die Fahrradmarke);24158;NULL;NULL;FISCHER;1
FIR;FIRESTONE;24160;NULL;2426;NULL;1
FOL;FOLIATEC;24166;NULL;NULL;FOLIATEC;1
FUA;FULDA REIFEN GMBH & CO. KG;24168;NULL;NULL;NULL;1
GFO;GEFO;24177;NULL;NULL;NULL;1
GOO;GOODYEAR;24180;NULL;NULL;GOODYEAR;1
HAK;HANKOOK REIFEN;24184;NULL;NULL;NULL;1
HOL;HOLTS;24192;NULL;4931;HOLTS;1
HRU;Hortum;24194;NULL;NULL;NULL;1
IDK;Innung des Kraftverkehrs;24198;NULL;NULL;NULL;1
IGA;IGAT;24201;NULL;3520;NULL;1
IMR;IMPERIAL;24202;NULL;NULL;IMPERIAL;1
INP;IN.PRO;24203;NULL;NULL;IN.PRO;1
INR;in.pro.dip;24204;NULL;NULL;in.pro.dip;1
IZA;IZAWIT;24206;NULL;3545;NULL;1
JOM;JOM;24209;NULL;NULL;JOM;1
KEE;Kleeblatt;24214;NULL;NULL;Kleeblatt;1
KLX;KLEBER;24218;NULL;NULL;NULL;1
KPZ;KRONPRINZ;24221;NULL;NULL;NULL;1
KUO;KUMHO REIFEN;24224;NULL;NULL;NULL;1
LCC;LCC;24226;NULL;NULL;NULL;1
LFK;LOEFFLER & KOENIG;24228;NULL;NULL;NULL;1
LOC;LOCTITE;24229;NULL;NULL;LOCTITE;1
MGM;MGM;24236;NULL;3494;NULL;1
MGR;MEGUIARS;24237;NULL;NULL;MEGUIARS;1
MNV;MINERVA;24243;NULL;60059;NULL;1
MOW;MotoPower;24245;NULL;NULL;MotoPower;1
NEN;NEXEN;24250;NULL;4998;NULL;1
NGB;NIGRIN BLACK LABEL;24251;NULL;NULL;NULL;1
NGN;NIGRIN;24252;NULL;NULL;NIGRIN;1
NKI;NOKIAN TYRES;24253;NULL;2438;NOKIAN;1
OE;OE STAHLGRUBER;24256;NULL;NULL;NULL;1
OED;OE - DIVERS;24259;NULL;NULL;NULL;1
OEF;OE - FIAT;24260;NULL;NULL;NULL;1
OYO;Oyodo;24264;NULL;NULL;NULL;1
PCR;PHONOCAR Industrievertretung Frank Walter;24267;NULL;NULL;PHONOCAR;1
PIR;PIRELLI;24274;NULL;NULL;NULL;1
PLC;POLCAR;24275;NULL;NULL;POLCAR;1
PRL;PRESSOL;24277;NULL;NULL;PRESSOL;1
PXX;PROXXON;24281;NULL;NULL;PROXXON;1
QIX;Quixx;24282;NULL;NULL;Quixx;1
REL;RENAULT ORIGINAL;24290;NULL;NULL;NULL;1
RW;ROTWEISS;24295;NULL;NULL;ROTWEISS;1
SDX;STANDOX;24299;NULL;NULL;STANDOX;1
SEM;SEMPERIT;24300;NULL;2419;NULL;1
SET;SET-Artikel k24;24301;NULL;NULL;SET;1
SRT;SZERVIZ-TRADE KFT.;24312;NULL;NULL;NULL;1
SS;Steel Seal;24313;NULL;NULL;NULL;1
TER;TEROSON/LOCTITE;24319;NULL;NULL;TEROSON;1
TFR;Theo Förch GmbH & Co. KG;24321;NULL;NULL;FÖRCH;1
THU;Thule;24322;NULL;NULL;Thule;1
TIS;TRISTAR;24323;NULL;NULL;TRISTAR;1
TMR;THOMAR;24324;NULL;NULL;THOMAR;1
TOO;TOYO TIRES;24325;NULL;2441;NULL;1
UNR;UNIROYAL;24330;NULL;2420;NULL;1
VER;Verbrauchsmaterial;24333;NULL;NULL;NULL;1
VRE;VREDESTEIN;24336;NULL;NULL;VREDESTEIN;1
WAC;DR. O.K.WACK;24338;NULL;NULL;DR.WACK;1
WD;WD-40;24339;NULL;NULL;WD-40;1
WDM;WIDMANN;24340;NULL;NULL;WIDMANN;1
WUN;WUNDERBAUM;24344;NULL;NULL;WUNDERBAUM;1
YOK;YOKOHAMA;24346;NULL;2443;NULL;1
ABS2;ABS Bremssättel pfandfrei;24440;NULL;NULL;NULL;1
ADB;ADBLUE;24441;NULL;NULL;ADBLUE;1
BK1;f.becker_line Turbo;24442;NULL;NULL;f.becker;1
BKL;f.becker_line;24443;20180601;NULL;f.becker;1
CL1;CARLOLUS;24444;NULL;NULL;CARLOLUS;1
CLA;CAL ANTENNEN;24445;NULL;NULL;CAL;1
CLC;CLASSIC OIL S.R.O.;24446;NULL;NULL;"CLASSIC OIL ";1
CLD;COLAD;24447;NULL;NULL;COLAD;1
CLE;CAORLE;24448;NULL;NULL;CAORLE;1
CLI;CLIFFORT;24449;NULL;NULL;CLIFFORT;1
CLL;COLLMANN;24450;NULL;NULL;COLLMANN;1
CLM;CLEMENS;24451;NULL;NULL;CLEMENS;1
CLO;CYCLO;24452;NULL;NULL;CYCLO;1
CLR;CLEANTAXX RUßFILTERREINIGUNG;24453;NULL;NULL;CLEANTAXX;1
CLS;CLIMPARTS;24454;NULL;NULL;CLIMPARTS;1
CLU;COOL4U KFT.;24455;NULL;NULL;COOL4U;1
CLX;CLOROX;24456;NULL;NULL;CLOROX;1
CTO;CARTECHRO;24457;NULL;NULL;NULL;1
HIA;HITACHI;24458;NULL;668;NULL;1
MAF;MAHLE FILTER;24459;NULL;540;NULL;1
MFF;MAFF Premium Battery;24460;NULL;NULL;MAFF;1
PIE;PIERBURG FRANCE;24461;NULL;724;NULL;1
TIE;TIELBÜRGER;24462;NULL;1133;NULL;1
VEL;VELIND;24463;NULL;NULL;VELIND;1
WDB;WINDBIEL ML;24464;NULL;NULL;WINDBIEL;1
WDT;WDT ING. BUERO;24465;NULL;NULL;WDT;1
AA;ABSAAR;24466;NULL;NULL;ABSAAR;0
APA;APA;24467;NULL;NULL;APA;0
BRS;BRENNENSTUHL;24468;NULL;NULL;NULL;NULL
BRT;Brilliant by KS TOOLS;24469;NULL;NULL;NULL;NULL
BSM;BSB Metall;24470;NULL;NULL;NULL;NULL
BX;BRUNOX;24471;NULL;NULL;Brunox;0
ELF;ELF;24472;NULL;NULL;NULL;NULL
EUF;EUFAB;24473;NULL;NULL;EUFAB;0
FIM;FILMER;24474;NULL;NULL;FILMER;0
FOA;FORMULA;24475;NULL;NULL;FORMULA;0
FZ;Ferroz;24476;NULL;NULL;Ferroz;0
GMA;GEMATIC;24477;NULL;NULL;GEMATIC;NULL
HKS;HAPPY KIDS;24478;NULL;NULL;HAPPY KIDS;0
LEA;LEINA;24479;NULL;NULL;LEINA;0
MMN;MANNESMANN;24480;NULL;NULL;MANNESMANN;0
PET;PETEX;24481;NULL;NULL;PETEX;0
POU;PROUSER;24482;NULL;NULL;PROUSER;0
TCM;TECMA;24483;NULL;NULL;NULL;NULL
TEW;TELWIN;24484;NULL;NULL;TELWIN;0
TUG;TUGA;24485;NULL;NULL;TUGA;0
WSC;Walter Schmidt Chemie;24486;NULL;NULL;W.SCHMIDT;0
CTN;CARTREND;24487;NULL;NULL;CARTREND;0
UNO;1. FC Union Berlin e.V.;24488;NULL;NULL;Union;NULL
MEB;Menabo;24489;NULL;1000983;NULL;NULL
TEST;TEST;999999;NULL;NULL;NULL;1
